{
  "dataset": "generated_v4style_300",
  "n": 50,
  "old_comparable": 50,
  "old_correct": 41,
  "new_correct": 44,
  "allowed_drop": 3,
  "pass": true,
  "new_metrics": {
    "n": 50,
    "correct": 44,
    "acc": 0.88,
    "micro_f1": 0.88,
    "macro7": 0.7808738880167452,
    "weighted_f1": 0.8734065934065934,
    "mc_macro": 0.7307692307692307,
    "ynu_macro": 0.8476800976800977,
    "per_label": {
      "A": {
        "precision": 0.8571428571428571,
        "recall": 1.0,
        "f1": 0.923076923076923,
        "support": 6,
        "pred_count": 7
      },
      "B": {
        "precision": 1.0,
        "recall": 1.0,
        "f1": 1.0,
        "support": 6,
        "pred_count": 6
      },
      "C": {
        "precision": 1.0,
        "recall": 1.0,
        "f1": 1.0,
        "support": 1,
        "pred_count": 1
      },
      "D": {
        "precision": 0.0,
        "recall": 0.0,
        "f1": 0.0,
        "support": 1,
        "pred_count": 0
      },
      "Yes": {
        "precision": 0.9166666666666666,
        "recall": 0.9166666666666666,
        "f1": 0.9166666666666666,
        "support": 12,
        "pred_count": 12
      },
      "No": {
        "precision": 0.625,
        "recall": 1.0,
        "f1": 0.7692307692307693,
        "support": 5,
        "pred_count": 8
      },
      "Unknown": {
        "precision": 0.9375,
        "recall": 0.7894736842105263,
        "f1": 0.8571428571428572,
        "support": 19,
        "pred_count": 16
      }
    },
    "pred_distribution": {
      "Unknown": 16,
      "Yes": 12,
      "No": 8,
      "B": 6,
      "A": 7,
      "C": 1
    },
    "gold_distribution": {
      "Unknown": 19,
      "Yes": 12,
      "No": 5,
      "B": 6,
      "A": 6,
      "C": 1,
      "D": 1
    }
  },
  "prompt_current_row_identity_match_pct": 100.0
}